id,name,category,description,price,image,featured
1,"Gà Rán Giòn Cay","Gà rán","Từng miếng gà giòn rụm bên ngoài, mọng nước và đậm vị cay nồng bên trong.","38000","assets/images/chicken-crispy.svg","true"
2,"Gà Rán Truyền Thống","Gà rán","Hương vị độc quyền từ công thức 11 loại thảo mộc và gia vị bí mật.","38000","assets/images/chicken-original.svg","true"
3,"Cánh Gà Giòn Cay (3 miếng)","Gà rán","Cánh gà tẩm bột chiên vàng óng, giòn tan kích thích vị giác.","75000","assets/images/chicken-wings.svg","false"
4,"Combo Gà Rán Solo","Combo","1 Miếng gà giòn cay, 1 khoai tây chiên vừa và 1 ly Pepsi mát lạnh.","79000","assets/images/combo-solo.svg","true"
5,"Combo Gia Đình Vui Vẻ","Combo","4 Miếng gà rán thơm lừng, 1 burger zinger, 2 khoai chiên và 2 nước.","229000","assets/images/combo-family.svg","true"
6,"Combo Tiệc Nhóm Thịnh Soạn","Combo","6 Miếng gà, 2 burger, 1 bắp cải trộn, 1 khoai tây lớn và 4 nước ngọt.","349000","assets/images/combo-party.svg","false"
7,"Burger Zinger Tươi Ngon","Burger","Burger phi lê gà giòn cay kẹp rau xà lách tươi và sốt mayonnaise béo ngậy.","59000","assets/images/burger-zinger.svg","true"
8,"Burger Tôm Thượng Hạng","Burger","Nhân tôm nguyên con giòn ngọt cùng sốt tartar độc đáo trên bánh mè nướng.","65000","assets/images/burger-shrimp.svg","false"
9,"Burger Gà Quay Tiêu","Burger","Thịt gà quay sốt tiêu đen đậm đà kèm xà lách tươi giòn.","62000","assets/images/burger-roast.svg","false"
10,"Khoai Tây Chiên Giòn","Món ăn kèm","Khoai tây cọng chiên vàng giòn rụm, rắc muối nhẹ thơm ngon khó cưỡng.","25000","assets/images/fries.svg","false"
11,"Bắp Cải Trộn Coleslaw","Món ăn kèm","Salad bắp cải tươi giòn thanh mát kết hợp sốt mayonnaise đặc trưng.","22000","assets/images/coleslaw.svg","false"
12,"Khoai Tây Nghiền & Sốt Gravy","Món ăn kèm","Khoai tây nghiền mịn màng chan ngập sốt gravy nóng hổi đậm đà.","25000","assets/images/mashed-potato.svg","false"
13,"Pepsi Tươi Mát Lạnh","Đồ uống","Ly nước ngọt có gas sảng khoái giúp bữa ăn thêm trọn vị và ngon miệng.","18000","assets/images/pepsi.svg","false"
14,"Trà Đào Hạt Chia","Đồ uống","Trà đào thơm lừng thanh mát hòa quyện cùng thạch đào và hạt chia bổ dưỡng.","32000","assets/images/iced-tea.svg","false"
